{
  "model": "facebook/sam3",
  "cases": {
    "car": {
      "image_size_wh": [
        2646,
        1764
      ],
      "text": "car",
      "input_ids": [
        49406,
        1615,
        49407,
        49407,
        49407,
        49407,
        49407,
        49407,
        49407,
        49407,
        49407,
        49407,
        49407,
        49407,
        49407,
        49407,
        49407,
        49407,
        49407,
        49407,
        49407,
        49407,
        49407,
        49407,
        49407,
        49407,
        49407,
        49407,
        49407,
        49407,
        49407,
        49407
      ],
      "attention_mask": [
        1,
        1,
        1,
        0,
        0,
        0,
        0,
        0,
        0,
        0,
        0,
        0,
        0,
        0,
        0,
        0,
        0,
        0,
        0,
        0,
        0,
        0,
        0,
        0,
        0,
        0,
        0,
        0,
        0,
        0,
        0,
        0
      ],
      "pixel_values": {
        "shape": [
          1,
          3,
          1008,
          1008
        ],
        "dtype": "torch.float32",
        "min": -0.9843137264251709,
        "max": 0.9607843160629272,
        "mean": 0.05499420687556267,
        "std": 0.5173569917678833,
        "sha1_5dp": "94ff4c1459d15018"
      },
      "raw": {
        "pred_logits": {
          "shape": [
            1,
            200
          ],
          "dtype": "torch.float32",
          "min": -6.11804723739624,
          "max": 4.140573024749756,
          "mean": -4.57138204574585,
          "std": 0.8474050760269165,
          "sha1_5dp": "28e656eca123ca82"
        },
        "pred_boxes": {
          "shape": [
            1,
            200,
            4
          ],
          "dtype": "torch.float32",
          "min": -0.15382981300354004,
          "max": 1.037892460823059,
          "mean": 0.4342663586139679,
          "std": 0.29509496688842773,
          "sha1_5dp": "df99cb3375937b45"
        },
        "presence_logits": {
          "shape": [
            1,
            1
          ],
          "dtype": "torch.float32",
          "min": 2.4442226886749268,
          "max": 2.4442226886749268,
          "mean": 2.4442226886749268,
          "std": NaN,
          "sha1_5dp": "f53288b337622c81"
        },
        "presence_logits_value": [
          2.4442226886749268
        ],
        "pred_masks": {
          "shape": [
            1,
            200,
            288,
            288
          ],
          "dtype": "torch.float32",
          "min": -95.01219177246094,
          "max": 12.888978004455566,
          "mean": -10.28993034362793,
          "std": 8.316105842590332,
          "sha1_5dp": "445461372cb49341"
        },
        "semantic_seg": {
          "shape": [
            1,
            1,
            288,
            288
          ],
          "dtype": "torch.float32",
          "min": -17.95518684387207,
          "max": 9.27817440032959,
          "mean": -2.6316702365875244,
          "std": 5.663271427154541,
          "sha1_5dp": "4ce44643a9c2e03e"
        }
      },
      "intermediates": {
        "fpn_hidden_states": [
          {
            "shape": [
              1,
              256,
              288,
              288
            ],
            "dtype": "torch.float32",
            "min": -0.23131853342056274,
            "max": 0.1614755541086197,
            "mean": -0.016206633299589157,
            "std": 0.01989934965968132,
            "sha1_5dp": "49368eb517cb17e2"
          },
          {
            "shape": [
              1,
              256,
              144,
              144
            ],
            "dtype": "torch.float32",
            "min": -11.119064331054688,
            "max": 10.466708183288574,
            "mean": -0.015638144686818123,
            "std": 1.2726126909255981,
            "sha1_5dp": "1201b95c27caff9c"
          },
          {
            "shape": [
              1,
              256,
              72,
              72
            ],
            "dtype": "torch.float32",
            "min": -5.317636966705322,
            "max": 6.240687370300293,
            "mean": 0.023990007117390633,
            "std": 0.7174059748649597,
            "sha1_5dp": "0d6e887ec3514898"
          },
          {
            "shape": [
              1,
              256,
              36,
              36
            ],
            "dtype": "torch.float32",
            "min": -1.8394657373428345,
            "max": 2.1668708324432373,
            "mean": -0.00026719344896264374,
            "std": 0.4353190064430237,
            "sha1_5dp": "57e958a318801dc1"
          }
        ],
        "detr_encoder.last_hidden_state": {
          "shape": [
            1,
            5184,
            256
          ],
          "dtype": "torch.float32",
          "min": -21.76568603515625,
          "max": 10.9471435546875,
          "mean": -0.03773171827197075,
          "std": 2.29606556892395,
          "sha1_5dp": "79bb659d87f96c3e"
        }
      },
      "num_instances": 1,
      "instance_scores": [
        0.9057244658470154
      ],
      "instance_boxes_xyxy": [
        [
          129.8389129638672,
          412.05560302734375,
          2515.4609375,
          1250.8385009765625
        ]
      ]
    },
    "zidane": {
      "image_size_wh": [
        1280,
        720
      ],
      "text": "person",
      "input_ids": [
        49406,
        2533,
        49407,
        49407,
        49407,
        49407,
        49407,
        49407,
        49407,
        49407,
        49407,
        49407,
        49407,
        49407,
        49407,
        49407,
        49407,
        49407,
        49407,
        49407,
        49407,
        49407,
        49407,
        49407,
        49407,
        49407,
        49407,
        49407,
        49407,
        49407,
        49407,
        49407
      ],
      "attention_mask": [
        1,
        1,
        1,
        0,
        0,
        0,
        0,
        0,
        0,
        0,
        0,
        0,
        0,
        0,
        0,
        0,
        0,
        0,
        0,
        0,
        0,
        0,
        0,
        0,
        0,
        0,
        0,
        0,
        0,
        0,
        0,
        0
      ],
      "pixel_values": {
        "shape": [
          1,
          3,
          1008,
          1008
        ],
        "dtype": "torch.float32",
        "min": -1.0,
        "max": 1.0,
        "mean": -0.5321102142333984,
        "std": 0.38555052876472473,
        "sha1_5dp": "5a1c9efeb5278ddc"
      },
      "raw": {
        "pred_logits": {
          "shape": [
            1,
            200
          ],
          "dtype": "torch.float32",
          "min": -5.5580925941467285,
          "max": 3.4698235988616943,
          "mean": -4.1252360343933105,
          "std": 1.085458755493164,
          "sha1_5dp": "4fafe3b3f5b3b2c7"
        },
        "pred_boxes": {
          "shape": [
            1,
            200,
            4
          ],
          "dtype": "torch.float32",
          "min": -0.13327646255493164,
          "max": 1.0341705083847046,
          "mean": 0.4742666184902191,
          "std": 0.34123295545578003,
          "sha1_5dp": "9ca80443ec76f210"
        },
        "presence_logits": {
          "shape": [
            1,
            1
          ],
          "dtype": "torch.float32",
          "min": 5.512138366699219,
          "max": 5.512138366699219,
          "mean": 5.512138366699219,
          "std": NaN,
          "sha1_5dp": "a6c77a8f5140e6c8"
        },
        "presence_logits_value": [
          5.512138366699219
        ],
        "pred_masks": {
          "shape": [
            1,
            200,
            288,
            288
          ],
          "dtype": "torch.float32",
          "min": -107.003173828125,
          "max": 9.967529296875,